bcall_id,name,bootfree_target,bootfree_disposition,retail_target,same_target
0x8018,_MD5Final,3F:4FDC,implemented,3F:6964,false
0x801B,_RSAValidate,3F:531D,stub-ret,3F:6CB4,false
0x801E,_cmpStr,3F:41FD,implemented,3F:7195,false
0x8021,_WriteAByte,3F:44F3,implemented,3F:4C9F,false
0x8024,_EraseFlash,3F:45B9,implemented,3F:4C2A,false
0x8027,_FindFirstCertField,3F:4448,implemented,3F:4D62,false
0x802A,_ZeroToCertificate,3F:44EE,implemented,3F:4DAF,false
0x802D,_GetCertificateEnd,3F:431F,implemented,3F:4D53,false
0x8030,_FindGroupedField,3F:442B,implemented,3F:4E8C,false
0x8033,_ret_1,3F:532A,stub-ret,3F:4867,false
0x8036,_ret_2,3F:532A,stub-ret,3F:4867,false
0x8039,_ret_3,3F:532A,stub-ret,3F:4867,false
0x803C,_ret_4,3F:532A,stub-ret,3F:4867,false
0x803F,_ret_5,3F:532A,stub-ret,3F:4867,false
0x8042,_Mult8By8,3F:525F,implemented,3F:7059,false
0x8045,_Mult16By8,3F:5261,implemented,3F:705B,false
0x8048,_Div16By8,3F:5272,implemented,3F:7146,false
0x804B,_Div16By16,3F:5274,implemented,3F:7148,false
0x804E,unpublished,3F:531D,stub-ret,3F:4924,false
0x8051,_LoadAIndPaged,3F:52DB,implemented,3F:486E,false
0x8054,_FlashToRam2,3F:52EB,implemented,3F:4888,false
0x8057,_GetCertificateStart,3F:430F,implemented,3F:4D46,false
0x805A,_GetFieldSize,3F:449C,implemented,3F:4DB8,false
0x805D,_FindSubField,3F:4463,implemented,3F:4DFB,false
0x8060,_EraseCertificateSector,3F:4621,implemented,3F:4E3F,false
0x8063,_CheckHeaderKey,3F:531D,stub-ret,3F:4B4A,false
0x8066,unpublished,3F:531D,stub-ret,3F:4F91,false
0x8069,unpublished,3F:531D,stub-ret,3F:4EFF,false
0x806C,_Load_LFontV2,3F:4643,implemented,3F:7C8A,false
0x806F,_Load_LFontV,3F:4643,implemented,3F:7C8A,false
0x8072,_ReceiveOS,3F:531D,stub-ret,3F:5DCE,false
0x8075,_FindOSHeaderSubField,3F:446C,implemented,3F:5018,false
0x8078,_FindNextCertField,3F:4458,implemented,3F:4D5C,false
0x807B,_GetByteOrBoot,3F:531D,stub-ret,3F:5C64,false
0x807E,_getSerial,3F:432C,implemented,3F:442F,false
0x8081,_ReceiveCalcID,3F:531D,stub-ret,3F:5EDC,false
0x8084,_EraseFlashPage,3F:4616,implemented,3F:4C1E,false
0x8087,_WriteFlashUnsafe,3F:4531,implemented,3F:4CA6,false
0x808A,_dispBootVer,3F:532D,implemented,3F:44F1,false
0x808D,_MD5Init,3F:4F45,implemented,3F:68ED,false
0x8090,_MD5Update,3F:4F74,implemented,3F:6907,false
0x8093,_MarkOSInvalid,3F:531D,stub-ret,3F:5209,false
0x8096,_FindProgramLicense,3F:531D,stub-ret,3F:4B1A,false
0x8099,_MarkOSValid,3F:4369,implemented,3F:51F5,false
0x809C,_CheckOSValidated,3F:4356,implemented,3F:52C6,false
0x809F,_SetupAppPubKey,3F:531D,stub-ret,3F:53CA,false
0x80A2,_SigModR,3F:531D,stub-ret,3F:7225,false
0x80A5,_TransformHash,3F:531D,stub-ret,3F:723F,false
0x80A8,_IsAppFreeware,3F:439F,implemented,3F:52E1,false
0x80AB,_FindAppHeaderSubField,3F:447C,implemented,3F:500A,false
0x80AE,_WriteValidationNumber,3F:531D,stub-ret,3F:540B,false
0x80B1,_Div32By16,3F:5296,implemented,3F:706E,false
0x80B4,_FindGroup,3F:4407,implemented,3F:4E61,false
0x80B7,_getBootVer,3F:531E,stub-A=0x0B-B=0x03,3F:477C,false
0x80BA,_getHardwareVersion,3F:5323,stub-A=0x02,3F:4781,false
0x80BD,_xorA,3F:532B,stub-A=0,3F:5C6D,false
0x80C0,_bignumpowermod17,3F:531D,stub-ret,3F:6CBD,false
0x80C3,_ProdNrPart1,3F:5326,stub-DE=0x200A,3F:6209,false
0x80C6,_WriteAByteSafe,3F:44E8,implemented,3F:4C9A,false
0x80C9,_WriteFlash,3F:44FD,implemented,3F:4C8F,false
0x80CC,_SetupDateStampPubKey,3F:531D,stub-ret,3F:548C,false
0x80CF,_SetFlashLowerBound,3F:535D,implemented,3F:4784,false
0x80D2,_LowBatteryBoot,3F:531D,stub-ret,3F:5834,false
0x80E4,_AttemptUSBOSReceive,3F:531D,stub-ret,2F:4145,false
0x80E7,_DisplayBootMessage,3F:531D,stub-ret,3F:6127,false
0x80EA,_NewLine2,3F:4F28,implemented,3F:73DD,false
0x80ED,_DisplayBootError10,3F:531D,stub-ret,3F:5789,false
0x80F0,_Chk_Batt_Low_B,3F:531D,stub-ret,3F:6171,false
0x80F3,_Chk_Batt_Low_B2,3F:531D,stub-ret,3F:6163,false
0x80F6,_ReceiveOS_USB,3F:531D,stub-ret,2F:48CA,false
0x80F9,_DisplayOSProgress,3F:531D,stub-ret,3F:62D0,false
0x80FC,_ResetCalc,3F:531D,stub-ret,3F:5ED3,false
0x80FF,_SetupOSPubKey,3F:531D,stub-ret,3F:5387,false
0x8102,_CheckHeaderKeyHL,3F:531D,stub-ret,3F:4B4D,false
0x8105,_USBErrorCleanup,3F:531D,stub-ret,2F:5958,false
0x8108,_InitUSB,3F:531D,stub-ret,2F:52A4,false
0x810B,unpublished,3F:531D,stub-ret,2F:62C5,false
0x810E,_KillUSB,3F:531D,stub-ret,2F:5961,false
0x8111,_DisplayBootError1,3F:531D,stub-ret,3F:63DB,false
0x8114,_DisplayBootError2,3F:531D,stub-ret,3F:5789,false
0x8117,_DisplayBootError3,3F:531D,stub-ret,3F:5789,false
0x811A,_DisplayBootError4,3F:531D,stub-ret,3F:5789,false
0x811D,_DisplayBootError5,3F:531D,stub-ret,3F:5789,false
0x8120,_DisplayBootError6,3F:531D,stub-ret,3F:5789,false
0x8123,_DisplayBootError7,3F:531D,stub-ret,3F:5789,false
0x8126,_DisplayBootError8,3F:531D,stub-ret,3F:5789,false
0x8129,_DisplayBootError9,3F:531D,stub-ret,3F:5789,false
