bcall_id,map_status,map_name,include_name,archive_path,archive_sha256,source_path,source_sha256,line,form,source_text
4540,mapped-main,_ClrLCDFull,_ClrLCDFull,games/balltrix.zip,3bf3a867981b275da7007d69ac6f61fecb3fa9e377f2712a0b6649877a0e9050,games/balltrix.zip.contents/balltrix.z80,a1c407ffed72a738c8f0fb569ca3dfc82dd3acd74586b00bf5c210acb317f503,156,macro,bcall(4540h)
4E61,mapped-main,_GetStringInput2,_GetStringInput2,games/generate.zip,00197d6aa5f7970c3e4d65624e294f25a31dcda25610616d025dd03307a7712e,games/generate.zip.contents/elite.asm,9628846d75ca6b55601f6ba5f08c6ab5112af1cce4173d10806f304755360e30,77,macro,bcall(4E61h)
4E6A,mapped-main,_CreateAppVar,_CreateAppVar,games/ion/arcade/asteroidbelt.zip,738f12bdd41570042a20d0d7cbebb653d3a8c31166413f2e685d2c048cc0e73d,games/ion/arcade/asteroidbelt.zip.contents/asteroid.z80,b7d3c9ddc62ecc3b198a0e93aa2cd6cc2bd969eb32e26caa34f144d9a3b993a8,17,raw-rst,rst 28h \ .dw 4E6Ah		;create appvar
5017,mapped-main,_FlashToRam,_FlashToRam,games/ion/arcade/mario83p.zip,e0acbd2491fdc013652084042b233456f620e4699a114204a6f3740c7701e5fe,games/ion/arcade/mario83p.zip.contents/mario.asm,90e147e3a66d98a05d25e31bb940b6d72d9dc67605435f7d06933c1f34eb9ed3,4232,macro,bcall(5017h)
5017,mapped-main,_FlashToRam,_FlashToRam,games/ion/arcade/mario83p.zip,e0acbd2491fdc013652084042b233456f620e4699a114204a6f3740c7701e5fe,games/ion/arcade/mario83p.zip.contents/mario.asm,90e147e3a66d98a05d25e31bb940b6d72d9dc67605435f7d06933c1f34eb9ed3,4294,macro,bcall(5017h)
42E5,mapped-main,_MemChk,_MemChk,games/ion/arcade/repton.zip,a5b90e8451f74ca01cf268dd978a059050e669d421e2d94d5b8b206d97724a0a,games/ion/arcade/repton.zip.contents/Source/Repton.z80,4d164a16848eb4941fd25bd44c5ec9935716b39d99a730c023760eb3459ce7a9,114,macro,bcall(42E5h)		; Free RAM => hl.
4C33,mapped-main,_MemSet,_MemSet,games/ion/arcade/repton.zip,a5b90e8451f74ca01cf268dd978a059050e669d421e2d94d5b8b206d97724a0a,games/ion/arcade/repton.zip.contents/Source/Repton.z80,4d164a16848eb4941fd25bd44c5ec9935716b39d99a730c023760eb3459ce7a9,145,macro,bcall(4C33h)
4C33,mapped-main,_MemSet,_MemSet,games/ion/arcade/repton.zip,a5b90e8451f74ca01cf268dd978a059050e669d421e2d94d5b8b206d97724a0a,games/ion/arcade/repton.zip.contents/Source/Repton.z80,4d164a16848eb4941fd25bd44c5ec9935716b39d99a730c023760eb3459ce7a9,278,macro,bcall(4C33h)
4C33,mapped-main,_MemSet,_MemSet,games/ion/arcade/repton.zip,a5b90e8451f74ca01cf268dd978a059050e669d421e2d94d5b8b206d97724a0a,games/ion/arcade/repton.zip.contents/Source/Repton.z80,4d164a16848eb4941fd25bd44c5ec9935716b39d99a730c023760eb3459ce7a9,283,macro,bcall(4C33h)		;Fill the level area with solid blocks !
4C33,mapped-main,_MemSet,_MemSet,games/ion/arcade/repton.zip,a5b90e8451f74ca01cf268dd978a059050e669d421e2d94d5b8b206d97724a0a,games/ion/arcade/repton.zip.contents/Source/Repton.z80,4d164a16848eb4941fd25bd44c5ec9935716b39d99a730c023760eb3459ce7a9,2041,macro,bcall(4C33h)
4C33,mapped-main,_MemSet,_MemSet,games/ion/arcade/repton.zip,a5b90e8451f74ca01cf268dd978a059050e669d421e2d94d5b8b206d97724a0a,games/ion/arcade/repton.zip.contents/Source/Repton.z80,4d164a16848eb4941fd25bd44c5ec9935716b39d99a730c023760eb3459ce7a9,2090,macro,bcall(4C33h)
4744,mapped-main,_GetK,_GetK,games/mirageos/antinib.zip,36a9a8684e7ebac2b992d35a62c2b5011f2abd629aea0939a82f48603ca101d6,games/mirageos/antinib.zip.contents/antinib2.z80,eba1ce697c7b3d3809fbeda3787c25b8519b5a59fd7af09103185272a4d8461e,77,macro,bcall(4744h)
4744,mapped-main,_GetK,_GetK,games/mirageos/antinib.zip,36a9a8684e7ebac2b992d35a62c2b5011f2abd629aea0939a82f48603ca101d6,games/mirageos/antinib.zip.contents/antinib2.z80,eba1ce697c7b3d3809fbeda3787c25b8519b5a59fd7af09103185272a4d8461e,229,macro,bcall(4744h)
4558,mapped-main,_homeup,_HomeUp,games/mirageos/antinib.zip,36a9a8684e7ebac2b992d35a62c2b5011f2abd629aea0939a82f48603ca101d6,games/mirageos/antinib.zip.contents/antinib2.z80,eba1ce697c7b3d3809fbeda3787c25b8519b5a59fd7af09103185272a4d8461e,338,macro,bcall($4558)
4744,mapped-main,_GetK,_GetK,games/mirageos/antinib.zip,36a9a8684e7ebac2b992d35a62c2b5011f2abd629aea0939a82f48603ca101d6,games/mirageos/antinib.zip.contents/antinib2.z80,eba1ce697c7b3d3809fbeda3787c25b8519b5a59fd7af09103185272a4d8461e,363,macro,bcall(4744h)
4558,mapped-main,_homeup,_HomeUp,games/mirageos/boxworld.zip,855227dddf531849eb8be135cbaf437514beb878510a18c51e85d60e50e0a340,games/mirageos/boxworld.zip.contents/boxworld.asm,23247aee9694ac34fad186f9c485a47ad804a4ccc52dbcf5bd65224691eebc20,164,macro,bcall($4558)
42E5,mapped-main,_MemChk,_MemChk,games/mirageos/ft2release.zip,7ad58873112ab98d3482afc3ba467983bd4868ae3f37e8976c7ae9962ef0cff8,games/mirageos/ft2release.zip.contents/source/pagefile.inc,fe34fdfd4682c4f0ed2544a980d41b92963c185efb66b3fd0bd0d343238b3530,12,macro,bcall(42E5h)		; Free RAM => hl.
42E5,mapped-main,_MemChk,_MemChk,games/mirageos/repton.zip,a5b90e8451f74ca01cf268dd978a059050e669d421e2d94d5b8b206d97724a0a,games/mirageos/repton.zip.contents/Source/Repton.z80,4d164a16848eb4941fd25bd44c5ec9935716b39d99a730c023760eb3459ce7a9,114,macro,bcall(42E5h)		; Free RAM => hl.
4C33,mapped-main,_MemSet,_MemSet,games/mirageos/repton.zip,a5b90e8451f74ca01cf268dd978a059050e669d421e2d94d5b8b206d97724a0a,games/mirageos/repton.zip.contents/Source/Repton.z80,4d164a16848eb4941fd25bd44c5ec9935716b39d99a730c023760eb3459ce7a9,145,macro,bcall(4C33h)
4C33,mapped-main,_MemSet,_MemSet,games/mirageos/repton.zip,a5b90e8451f74ca01cf268dd978a059050e669d421e2d94d5b8b206d97724a0a,games/mirageos/repton.zip.contents/Source/Repton.z80,4d164a16848eb4941fd25bd44c5ec9935716b39d99a730c023760eb3459ce7a9,278,macro,bcall(4C33h)
4C33,mapped-main,_MemSet,_MemSet,games/mirageos/repton.zip,a5b90e8451f74ca01cf268dd978a059050e669d421e2d94d5b8b206d97724a0a,games/mirageos/repton.zip.contents/Source/Repton.z80,4d164a16848eb4941fd25bd44c5ec9935716b39d99a730c023760eb3459ce7a9,283,macro,bcall(4C33h)		;Fill the level area with solid blocks !
4C33,mapped-main,_MemSet,_MemSet,games/mirageos/repton.zip,a5b90e8451f74ca01cf268dd978a059050e669d421e2d94d5b8b206d97724a0a,games/mirageos/repton.zip.contents/Source/Repton.z80,4d164a16848eb4941fd25bd44c5ec9935716b39d99a730c023760eb3459ce7a9,2041,macro,bcall(4C33h)
4C33,mapped-main,_MemSet,_MemSet,games/mirageos/repton.zip,a5b90e8451f74ca01cf268dd978a059050e669d421e2d94d5b8b206d97724a0a,games/mirageos/repton.zip.contents/Source/Repton.z80,4d164a16848eb4941fd25bd44c5ec9935716b39d99a730c023760eb3459ce7a9,2090,macro,bcall(4C33h)
5017,mapped-main,_FlashToRam,_FlashToRam,games/mirageos/wolf.zip,8faf9162414abf0fe2a8c62f6fe754b38af36fc9e86b7855d13dbcb2daa4c041,games/mirageos/wolf.zip.contents/Develop/Source/IonRout.asm,01f43cd4801fc50ead0870cbda0b83a14d209fb133c9e8322be53350ae3a0aa3,37,macro,bcall(5017h)
5017,mapped-main,_FlashToRam,_FlashToRam,games/mirageos/wolf.zip,8faf9162414abf0fe2a8c62f6fe754b38af36fc9e86b7855d13dbcb2daa4c041,games/mirageos/wolf.zip.contents/Develop/Source/IonRout.asm,01f43cd4801fc50ead0870cbda0b83a14d209fb133c9e8322be53350ae3a0aa3,99,macro,bcall(5017h)
4507,mapped-main,_DispHL,_DispHL,graphics/fire_2.zip,c08ceccb407eb0dfdd4395675005bacf249dc629f21f838378c6d069a3c467a4,graphics/fire_2.zip.contents/fire.z80,a5c1cff8a0438f4ab374b12694a5ff2212fa184e6332b7efab344fb0378dc281,13,macro,bcall(4507h)
4333,mapped-main,_CreatePict,_CreatePict,graphics/ion/minipaint.zip,29c085b37ca9cd1b41e0dbaf6856fabc9849bd77f01567a0cadea12ade242dc4,graphics/ion/minipaint.zip.contents/minip.asm,f7168062d78df82fc002d126f0e18a93d157c3cdd5e812b73080a1f7870d8970,1064,macro,bcall(4333h)	;Create pic
4333,mapped-main,_CreatePict,_CreatePict,graphics/ion/minipaint.zip,29c085b37ca9cd1b41e0dbaf6856fabc9849bd77f01567a0cadea12ade242dc4,graphics/ion/minipaint.zip.contents/minip.asm,f7168062d78df82fc002d126f0e18a93d157c3cdd5e812b73080a1f7870d8970,1111,macro,bcall(4333h)	;Create pic
486A,mapped-main,_GrBufCpy,_GrBufCpy,graphics/particle.zip,e13b233d9bebd48a07b6d8d1f83d5be4c85653f86ac1a46972d4132239184c56,graphics/particle.zip.contents/Particle.asm,8d24a611a26439d4991e3fb0a722a175fa92c3681828807548e87ee2c457f9ea,133,macro,bcall(486Ah)
50C8,mapped-main,_UngroupVar,_UngroupVar,libs/c3asm.zip,61a7b698bdcbdfba482c24a002b19e4e6b5bb1cab3493413433ee832d0f15e9f,libs/c3asm.zip.contents/C3ASM/_CELTIC/CELTIC3.ASM,14c3084a160fd4f43120efbceef8d045788bc7b389bfe0d5933f83d597734279,832,macro,bcall($50C8)    ;UngroupVar undoc'ed romcall
4F3C,mapped-main,_FlashWriteDisable,_FlashWriteDisable,libs/crabcake.zip,84f6660c86f715e09e03637b19df47abe46b86906ed34791bc4281959186f71e,libs/crabcake.zip.contents/Crabcake.inc,6573ea575464ddc26b4f084615a368fd2d0969e462170d85b5c50972a2d2622f,100,macro,B_CALL $4F3C
4F3C,mapped-main,_FlashWriteDisable,_FlashWriteDisable,libs/crabcake.zip,84f6660c86f715e09e03637b19df47abe46b86906ed34791bc4281959186f71e,libs/crabcake.zip.contents/Crabcake.inc,6573ea575464ddc26b4f084615a368fd2d0969e462170d85b5c50972a2d2622f,220,macro,B_CALL $4F3C
5014,mapped-main,_ArcChk,_ArcChk,libs/rage.zip,4849830711b0c0ef0cdc6ad93b437dd905cab7ce8b55a5bff9d10e261f6688f4,libs/rage.zip.contents/RAGE/RAGE.asm,8882aa3c8f7fdbf9e1155addebd6ed74bc80f913b1d3179bc7e1ecab8563890d,71,raw-rst,rst 28h
4540,mapped-main,_ClrLCDFull,_ClrLCDFull,libs/tmenu.zip,6e110ba5202e3b5bb5b77f93af93c525addb8d38ac28adc52a4cce57fd696a91,libs/tmenu.zip.contents/tmenu/tmenu.inc,0660d9c4bf459396b4d3eb047fba145126f9edd6526fcf31382a5938bedb41a1,32,macro,bcall(4540h)
4558,mapped-main,_homeup,_HomeUp,libs/tmenu.zip,6e110ba5202e3b5bb5b77f93af93c525addb8d38ac28adc52a4cce57fd696a91,libs/tmenu.zip.contents/tmenu/tmenu.inc,0660d9c4bf459396b4d3eb047fba145126f9edd6526fcf31382a5938bedb41a1,33,macro,bcall(4558h)
450A,mapped-main,_PutS,_PutS,libs/tmenu.zip,6e110ba5202e3b5bb5b77f93af93c525addb8d38ac28adc52a4cce57fd696a91,libs/tmenu.zip.contents/tmenu/tmenu.inc,0660d9c4bf459396b4d3eb047fba145126f9edd6526fcf31382a5938bedb41a1,36,macro,bcall(450Ah)
452E,mapped-main,_NewLine,_newline,libs/tmenu.zip,6e110ba5202e3b5bb5b77f93af93c525addb8d38ac28adc52a4cce57fd696a91,libs/tmenu.zip.contents/tmenu/tmenu.inc,0660d9c4bf459396b4d3eb047fba145126f9edd6526fcf31382a5938bedb41a1,41,macro,bcall(452Eh)
450A,mapped-main,_PutS,_PutS,libs/tmenu.zip,6e110ba5202e3b5bb5b77f93af93c525addb8d38ac28adc52a4cce57fd696a91,libs/tmenu.zip.contents/tmenu/tmenu.inc,0660d9c4bf459396b4d3eb047fba145126f9edd6526fcf31382a5938bedb41a1,46,macro,bcall(450Ah)
450A,mapped-main,_PutS,_PutS,libs/tmenu.zip,6e110ba5202e3b5bb5b77f93af93c525addb8d38ac28adc52a4cce57fd696a91,libs/tmenu.zip.contents/tmenu/tmenu.inc,0660d9c4bf459396b4d3eb047fba145126f9edd6526fcf31382a5938bedb41a1,48,macro,bcall(450Ah)
4018,mapped-main,_GetCSC,_GetCSC,libs/tmenu.zip,6e110ba5202e3b5bb5b77f93af93c525addb8d38ac28adc52a4cce57fd696a91,libs/tmenu.zip.contents/tmenu/tmenu.inc,0660d9c4bf459396b4d3eb047fba145126f9edd6526fcf31382a5938bedb41a1,59,macro,bcall(4018h)
4009,mapped-main,_LdHLind,_ldHLind,libs/tmenu.zip,6e110ba5202e3b5bb5b77f93af93c525addb8d38ac28adc52a4cce57fd696a91,libs/tmenu.zip.contents/tmenu/tmenu.inc,0660d9c4bf459396b4d3eb047fba145126f9edd6526fcf31382a5938bedb41a1,129,macro,bcall(4009h)
4558,mapped-main,_homeup,_HomeUp,libs/tmenu.zip,6e110ba5202e3b5bb5b77f93af93c525addb8d38ac28adc52a4cce57fd696a91,libs/tmenu.zip.contents/tmenu/tmenu.inc,0660d9c4bf459396b4d3eb047fba145126f9edd6526fcf31382a5938bedb41a1,134,macro,bcall(4558h)
4540,mapped-main,_ClrLCDFull,_ClrLCDFull,libs/tmenu.zip,6e110ba5202e3b5bb5b77f93af93c525addb8d38ac28adc52a4cce57fd696a91,libs/tmenu.zip.contents/tmenu/tmenu.inc,0660d9c4bf459396b4d3eb047fba145126f9edd6526fcf31382a5938bedb41a1,135,macro,bcall(4540h)
450A,mapped-main,_PutS,_PutS,libs/tmenu.zip,6e110ba5202e3b5bb5b77f93af93c525addb8d38ac28adc52a4cce57fd696a91,libs/tmenu.zip.contents/tmenu/tmenu.inc,0660d9c4bf459396b4d3eb047fba145126f9edd6526fcf31382a5938bedb41a1,152,macro,TmenuInv1:bcall(450Ah)
5011,mapped-main,_FillBasePageTable,_FillBasePageTable,programs/2dca.zip,b8f1f0fdd4f7787b3474e3ddd4af2454a91b5bf50ac10249ff62eb66783d545c,programs/2dca.zip.contents/source/Cherries.z80,b3ac8ea3d80e3cd62dfc67b5562648ae50fa6c7538603da6f161ff0d83fbddac,35,macro,bcall($5011)    ;restores first 1087 bytes in RAM. brandonw found this one.
5221,mapped-main,_Chk_Batt_Level,_Chk_Batt_Level,programs/batterychk.zip,22b64fde81e3a2268a3d0c69f75092421f16c581ff4647c5179ccc439c104b74,programs/batterychk.zip.contents/battery/battery.z80,c2ab0959c264dbf57e7f9065df4bf17c4ea920377c7fa2662300299a2e032026,10,macro,b_call(5221h);_chk_batt_level
4B52,mapped-main,_AnsName,_AnsName,programs/catelem.zip,9979f1fd6ff4584bf8ee87b0d6341cbe1a708fd5d28ad971ff8001b66ecd9eb6,programs/catelem.zip.contents/catelem.z80,f677181df9c99d935127d24873888b81e340c26d4a3a4a3f8e1805f9d0dd6d18,195,macro,bcall(4B52h)    ;AnsName
4357,mapped-main,_DelMem,_DelMem,programs/catelem.zip,9979f1fd6ff4584bf8ee87b0d6341cbe1a708fd5d28ad971ff8001b66ecd9eb6,programs/catelem.zip.contents/catelem.z80,f677181df9c99d935127d24873888b81e340c26d4a3a4a3f8e1805f9d0dd6d18,203,macro,bcall(4357h)    ;delmem
4F69,mapped-main,_ClrCursorHook,_ClrCursorHook,programs/dislink.zip,939ccab99aefed63bff9b647a2746300b74c88d38fc5bed886fe85f837dab8fc,programs/dislink.zip.contents/dislink.z80,3677312be5bbe92bb3472d7edbe27d50440eb7bbeb14439a96ce49b209c3d4d8,19,macro,bcall($4F69) ;actually uninstall it
50CE,mapped-main,_SetSilentLinkHook,_SetSilentLinkHook,programs/dislink.zip,939ccab99aefed63bff9b647a2746300b74c88d38fc5bed886fe85f837dab8fc,programs/dislink.zip.contents/dislink.z80,3677312be5bbe92bb3472d7edbe27d50440eb7bbeb14439a96ce49b209c3d4d8,34,macro,bcall($50CE) ;install hook
4A02,mapped-main,_ConvKeyToTok,_ConvKeyToTok,programs/flashed.zip,b99e56f11084f473c34bc2d7679d37b407764a698aee95f9ef8b6f663d7c8463,programs/flashed.zip.contents/editor.asm,4614b501fc4ff53aca156fc2a77fb98ead07e1f109b7307bbc637f75708cde7c,387,macro,b_call(4A02h)
8027,mapped-boot,_FindFirstCertField,_FindFirstCertField,programs/free83p.zip,c4f03f286721202f87341c9731319f7d0ded5356d2a7e1ed7e655aa8f02e04d1,programs/free83p.zip.contents/free83p.z80,d61d0daf7c399c8b515af208fb8361b0fbc3ca4b41d8894285468b346ce19f5b,16,macro,bcall(8027h) ;_FindFirstCertField
8027,mapped-boot,_FindFirstCertField,_FindFirstCertField,programs/free83p.zip,c4f03f286721202f87341c9731319f7d0ded5356d2a7e1ed7e655aa8f02e04d1,programs/free83p.zip.contents/free83p.z80,d61d0daf7c399c8b515af208fb8361b0fbc3ca4b41d8894285468b346ce19f5b,26,macro,bcall(8027h) ;_FindFirstCertField
8057,mapped-boot,_GetCertificateStart,_GetCertificateStart,programs/free83p.zip,c4f03f286721202f87341c9731319f7d0ded5356d2a7e1ed7e655aa8f02e04d1,programs/free83p.zip.contents/free83p.z80,d61d0daf7c399c8b515af208fb8361b0fbc3ca4b41d8894285468b346ce19f5b,40,macro,bcall(8057h) ;_GetCertificateStart
8087,mapped-boot,_WriteFlashUnsafe,_WriteFlashUnsafe,programs/free83p.zip,c4f03f286721202f87341c9731319f7d0ded5356d2a7e1ed7e655aa8f02e04d1,programs/free83p.zip.contents/free83p.z80,d61d0daf7c399c8b515af208fb8361b0fbc3ca4b41d8894285468b346ce19f5b,54,macro,bcall(8087h) ;_WriteFlashUnsafe
8087,mapped-boot,_WriteFlashUnsafe,_WriteFlashUnsafe,programs/free83p.zip,c4f03f286721202f87341c9731319f7d0ded5356d2a7e1ed7e655aa8f02e04d1,programs/free83p.zip.contents/putcert.z80,b7dadbbac8e8f43c1ed6e08d6a15044ebc23d370aa32c67ece21db933a7c612d,42,macro,bcall(8087h) ;_WriteFlashUnsafe
4570,mapped-main,_RunIndicOff,_RunIndicOff,programs/ftester.zip,b48f90cdd1d683a32390662ef0fba57e588526fa0a1a0bbde298eb43736f3781,programs/ftester.zip.contents/ftester/ftester.z80,81fd8a0266fb515884915794bf5b9736ef5ce560e173f6cdfa963fa9d95a2475,30,macro,start:	bcall($4570) ;Runindicate off
4CB1,mapped-main,_LoadPattern,_LoadPattern,programs/ftester.zip,b48f90cdd1d683a32390662ef0fba57e588526fa0a1a0bbde298eb43736f3781,programs/ftester.zip.contents/ftester/ftester.z80,81fd8a0266fb515884915794bf5b9736ef5ce560e173f6cdfa963fa9d95a2475,303,macro,bcall(4CB1h) ;bcall(_LoadPattern)
4D41,mapped-main,_ErrCustom1,_ErrCustom1,programs/generateerror.zip,1731b2b2cf7580855f7007478d55299e12b1ec4b7430d371feedea764c9139cf,programs/generateerror.zip.contents/generr.z80,5f28fca2dec72dc4d495aff18a8d6b076f02d34b8cafcdbd78c11c05f364386d,16,macro,bcall(4D41h)			;this calls the Custom Error bcall
4C39,mapped-main,_PointOn,_PointOn,programs/ion/apasmion.zip,f016472434cca37693118c94010333e69ae727bbc9c0f1c6726625cf824a73e1,programs/ion/apasmion.zip.contents/Applepro.z80,d831eef30b04312ee4809644068390053cfcfd8a15c1f2a58eaf30ba8c3ec9d6,88,macro,bcall(4C39h)
4C39,mapped-main,_PointOn,_PointOn,programs/ion/apasmion.zip,f016472434cca37693118c94010333e69ae727bbc9c0f1c6726625cf824a73e1,programs/ion/apasmion.zip.contents/Applepro.z80,d831eef30b04312ee4809644068390053cfcfd8a15c1f2a58eaf30ba8c3ec9d6,152,macro,bcall(4C39h)
45C4,mapped-main,_CursorOn,_CursorOn,programs/ion/input.zip,a1b96988dec66136fe5484802376e08389092abd99878fd1954717747314e55b,programs/ion/input.zip.contents/input/input.inc,965151049578fb5d648fb69ff4b581118ac54f8c69a4228bddd094aff7d6b120,9,raw-bytes,".db $EF,$C4,$45	;naitive hex for bcall 45C4 which is CursorOn but not defined in ion.inc because it is 83+ only"
45CA,mapped-main,_KeyToString,_KeyToString,programs/ion/input.zip,a1b96988dec66136fe5484802376e08389092abd99878fd1954717747314e55b,programs/ion/input.zip.contents/input/input.inc,965151049578fb5d648fb69ff4b581118ac54f8c69a4228bddd094aff7d6b120,37,raw-bytes,".db $EF,$CA,$45	;naitive hex for bcall 45CA which is KeyToString but not defined in ion.inc because it is 83+ only"
45BE,mapped-main,_CursorOff,_CursorOff,programs/ion/input.zip,a1b96988dec66136fe5484802376e08389092abd99878fd1954717747314e55b,programs/ion/input.zip.contents/input/input.inc,965151049578fb5d648fb69ff4b581118ac54f8c69a4228bddd094aff7d6b120,49,raw-bytes,".db $EF,$BE,$45	;naitive hex for bcall 45BE which is CursorOff but not defined in ion.inc because it is 83+ only"
4F66,mapped-main,_SetGetKeyHook,_SetGetKeyHook,programs/keyhookpack.zip,c3307b83b7f5244a4658628e4c58633cf357e69eab86609412ec451ecdc60e76,programs/keyhookpack.zip.contents/INVERT.z80,c1194e008892a9172d039ce9e7f520766384ef0aaf12629995e575d70fc88ef3,13,macro,b_call($4F66)		;Call RawKeyHook
4F66,mapped-main,_SetGetKeyHook,_SetGetKeyHook,programs/keyhookpack.zip,c3307b83b7f5244a4658628e4c58633cf357e69eab86609412ec451ecdc60e76,programs/keyhookpack.zip.contents/PHEONIXZ.z80,efa24784cdd82de5138bce6581b16bb521db210c632faa550070d7c61c11ab12,12,macro,b_call($4F66)		;Call RawKeyHook
4AD7,mapped-main,_RclAns,_RclAns,programs/lblrw.zip,cc39167050f7774de642580ba04f7077fe98b3aac147e10a132a8f2bfd9df0e9,programs/lblrw.zip.contents/LblRW.z80,aa3ce55ace8fd629a2229327cc9718423f5669a5f811b2ac7665c059bbd3d5fd,100,macro,bcall(4AD7h)    ;EFD74A   ;RclAns
4AEF,mapped-main,_ConvOP1,_ConvOP1,programs/lblrw.zip,cc39167050f7774de642580ba04f7077fe98b3aac147e10a132a8f2bfd9df0e9,programs/lblrw.zip.contents/LblRW.z80,aa3ce55ace8fd629a2229327cc9718423f5669a5f811b2ac7665c059bbd3d5fd,101,macro,bcall(4AEFh)    ;EFEF4A   ;convert Ans to a number we can use in DE
4792,mapped-main,_SetXXXXOP2,_SetXXXXOP2,programs/lblrw.zip,cc39167050f7774de642580ba04f7077fe98b3aac147e10a132a8f2bfd9df0e9,programs/lblrw.zip.contents/LblRW.z80,aa3ce55ace8fd629a2229327cc9718423f5669a5f811b2ac7665c059bbd3d5fd,148,macro,bcall(4792h)    ;EF9247   ;SetXXXXOP2
4156,mapped-main,_OP2ToOP1,_OP2ToOP1,programs/lblrw.zip,cc39167050f7774de642580ba04f7077fe98b3aac147e10a132a8f2bfd9df0e9,programs/lblrw.zip.contents/LblRW.z80,aa3ce55ace8fd629a2229327cc9718423f5669a5f811b2ac7665c059bbd3d5fd,149,macro,bcall(4156h)    ;EF5641   ;OP2ToOP1
4ABF,mapped-main,_StoAns,_StoAns,programs/lblrw.zip,cc39167050f7774de642580ba04f7077fe98b3aac147e10a132a8f2bfd9df0e9,programs/lblrw.zip.contents/LblRW.z80,aa3ce55ace8fd629a2229327cc9718423f5669a5f811b2ac7665c059bbd3d5fd,150,macro,bcall(4ABFh)    ;EFBF4A   ;StoAns
4B52,mapped-main,_AnsName,_AnsName,programs/lblrw.zip,cc39167050f7774de642580ba04f7077fe98b3aac147e10a132a8f2bfd9df0e9,programs/lblrw.zip.contents/LblRW.z80,aa3ce55ace8fd629a2229327cc9718423f5669a5f811b2ac7665c059bbd3d5fd,169,macro,bcall(4B52h)    ;EF524B   ;AnsName
4FC9,mapped-main,_DelVarNoArc,_DelVarNoArc,programs/lblrw.zip,cc39167050f7774de642580ba04f7077fe98b3aac147e10a132a8f2bfd9df0e9,programs/lblrw.zip.contents/LblRW.z80,aa3ce55ace8fd629a2229327cc9718423f5669a5f811b2ac7665c059bbd3d5fd,171,macro,bcall(4FC9h)    ;EFC64F   ;Delvar
4327,mapped-main,_CreateStrng,_CreateStrng,programs/lblrw.zip,cc39167050f7774de642580ba04f7077fe98b3aac147e10a132a8f2bfd9df0e9,programs/lblrw.zip.contents/LblRW.z80,aa3ce55ace8fd629a2229327cc9718423f5669a5f811b2ac7665c059bbd3d5fd,174,macro,bcall(4327h)    ;EF2743   ;Create ans as a string
4357,mapped-main,_DelMem,_DelMem,programs/lblrw.zip,cc39167050f7774de642580ba04f7077fe98b3aac147e10a132a8f2bfd9df0e9,programs/lblrw.zip.contents/LblRW.z80,aa3ce55ace8fd629a2229327cc9718423f5669a5f811b2ac7665c059bbd3d5fd,207,macro,bcall(4357h)
42FD,mapped-main,_EnoughMem,_EnoughMem,programs/lblrw.zip,cc39167050f7774de642580ba04f7077fe98b3aac147e10a132a8f2bfd9df0e9,programs/lblrw.zip.contents/LblRW.z80,aa3ce55ace8fd629a2229327cc9718423f5669a5f811b2ac7665c059bbd3d5fd,215,macro,bcall(42FDh)
42F7,mapped-main,_InsertMem,_InsertMem,programs/lblrw.zip,cc39167050f7774de642580ba04f7077fe98b3aac147e10a132a8f2bfd9df0e9,programs/lblrw.zip.contents/LblRW.z80,aa3ce55ace8fd629a2229327cc9718423f5669a5f811b2ac7665c059bbd3d5fd,222,macro,bcall(42F7h)
4C39,mapped-main,_PointOn,_PointOn,programs/mirageos/apasmmos.zip,36dc0c552273733ea9318f59a83121ee767c4b32759d1659381ee7b2ebf580d2,programs/mirageos/apasmmos.zip.contents/Applepro.z80,c75f5c6458146b5aee9cfa51186de79fa34d1d1ec868f5afad699550d49fce9d,96,macro,bcall(4C39h)
4C39,mapped-main,_PointOn,_PointOn,programs/mirageos/apasmmos.zip,36dc0c552273733ea9318f59a83121ee767c4b32759d1659381ee7b2ebf580d2,programs/mirageos/apasmmos.zip.contents/Applepro.z80,c75f5c6458146b5aee9cfa51186de79fa34d1d1ec868f5afad699550d49fce9d,170,macro,bcall(4C39h)
4594,mapped-main,_Get_Tok_Strng,_GET_TOK_STRNG,programs/nifty.zip,8abb216043107426a5fe9f301cadb990ddce0e08613d2d8178fb3b26be3a9055,programs/nifty.zip.contents/nifty.z80,39d6579f8922fdc9ffd02744e245847cea4b4eda1762a27fb99651c61deb8f62,538,macro,bcall(4594h)	; gettoklen equated wrongly in the origingal
4594,mapped-main,_Get_Tok_Strng,_GET_TOK_STRNG,programs/nifty.zip,8abb216043107426a5fe9f301cadb990ddce0e08613d2d8178fb3b26be3a9055,programs/nifty.zip.contents/nifty.z80,39d6579f8922fdc9ffd02744e245847cea4b4eda1762a27fb99651c61deb8f62,655,macro,"bcall(4594h);    ;GetToklen, equated wrongly in the ori ti83plus.inc"
4ED6,mapped-main,_SendPacket,_SendPacket,programs/overflow.zip,0a4bbaff36ea4c55165f4c10efe5a4d26c9202740d926652efa320353c6f5862,programs/overflow.zip.contents/uoflow.z80,be3ff15db885598013d8966278a267fe9b93564ed8603164e14837ee3974a865,45,macro,bcall(4ED6h) ;_SendPacket
47E3,mapped-main,_IPoint,_IPoint,programs/paintpot.zip,4b1a737289445abeda7653dae59ff0940a46150041d3f09627c96200940bc80c,programs/paintpot.zip.contents/PP.z80,e0d8f1c303d147bcd2a809bdaa62c85359256432636284a634310a899977491c,44,macro,bcall($47E3) ;_ipoint)
486A,mapped-main,_GrBufCpy,_GrBufCpy,programs/paintpot.zip,4b1a737289445abeda7653dae59ff0940a46150041d3f09627c96200940bc80c,programs/paintpot.zip.contents/PP.z80,e0d8f1c303d147bcd2a809bdaa62c85359256432636284a634310a899977491c,84,macro,bcall($486A);_GrBufCpy)
47E3,mapped-main,_IPoint,_IPoint,programs/paintpot.zip,4b1a737289445abeda7653dae59ff0940a46150041d3f09627c96200940bc80c,programs/paintpot.zip.contents/PP.z80,e0d8f1c303d147bcd2a809bdaa62c85359256432636284a634310a899977491c,105,macro,bcall($47E3) ;_ipoint)
47E3,mapped-main,_IPoint,_IPoint,programs/paintpot.zip,4b1a737289445abeda7653dae59ff0940a46150041d3f09627c96200940bc80c,programs/paintpot.zip.contents/PP.z80,e0d8f1c303d147bcd2a809bdaa62c85359256432636284a634310a899977491c,111,macro,bcall($47E3) ;_ipoint)
47E3,mapped-main,_IPoint,_IPoint,programs/paintpot.zip,4b1a737289445abeda7653dae59ff0940a46150041d3f09627c96200940bc80c,programs/paintpot.zip.contents/PP.z80,e0d8f1c303d147bcd2a809bdaa62c85359256432636284a634310a899977491c,124,macro,bcall($47E3) ;_ipoint)
4FC6,mapped-main,_DelVarArc,_DelVarArc,programs/pics.zip,f3dea1260bd3e7a31eec9709dbe39f593aec56a33039e6fb9bd3317cd76e94d3,programs/pics.zip.contents/PICS/Program source/SAVEPIC.z80,4a5bfd7f3b961c5859e9b86704981770b4e708d924bf727fb2893c6badd75eb8,24,macro,b_call(4FC6h)
4FC6,mapped-main,_DelVarArc,_DelVarArc,programs/pics.zip,f3dea1260bd3e7a31eec9709dbe39f593aec56a33039e6fb9bd3317cd76e94d3,programs/pics.zip.contents/__archive_duplicates__/2/PICS/Program source/SAVEPIC.z80,a5064b213ba8d99142344a5481b767580e0b7a82943293c0854753af8a23e023,35,macro,b_call(4FC6h)
4F66,mapped-main,_SetGetKeyHook,_SetGetKeyHook,programs/remotecontrol.zip,9eb1d4bb9beabe0ae31e49756c2a23938c6301a27f3d553a5d3381651262e591,programs/remotecontrol.zip.contents/RemoteC.z80,19eb8c5b8b20a1f9139ac89c8603727f76977ddb9548c8ff318ef5eec07285c4,35,macro,bcall($4F66)
4F6F,mapped-main,_ClrRawKeyHook,_ClrRawKeyHook,programs/remotecontrol.zip,9eb1d4bb9beabe0ae31e49756c2a23938c6301a27f3d553a5d3381651262e591,programs/remotecontrol.zip.contents/RemoteC.z80,19eb8c5b8b20a1f9139ac89c8603727f76977ddb9548c8ff318ef5eec07285c4,38,macro,bcall(4F6Fh)
4F6F,mapped-main,_ClrRawKeyHook,_ClrRawKeyHook,programs/remotecontrol.zip,9eb1d4bb9beabe0ae31e49756c2a23938c6301a27f3d553a5d3381651262e591,programs/remotecontrol.zip.contents/RemoteC.z80,19eb8c5b8b20a1f9139ac89c8603727f76977ddb9548c8ff318ef5eec07285c4,71,macro,bcall(4F6Fh)
41D4,mapped-main,_ShRAcc,_ShRAcc,programs/rlib.zip,c2dc2371dc4ce70d0f682cbad7342a1d997bfd3a72e03975184218a0b24f1b31,programs/rlib.zip.contents/rlib.asm,75ac1d79d72b21e20f588e8873aa3c91f0f1dded6940a48f0a6bbfc555bc0972,58,macro,bcall($41D4)
41D4,mapped-main,_ShRAcc,_ShRAcc,programs/rlib.zip,c2dc2371dc4ce70d0f682cbad7342a1d997bfd3a72e03975184218a0b24f1b31,programs/rlib.zip.contents/rlib.asm,75ac1d79d72b21e20f588e8873aa3c91f0f1dded6940a48f0a6bbfc555bc0972,106,macro,bcall($41D4)
4F66,mapped-main,_SetGetKeyHook,_SetGetKeyHook,programs/sentry.zip,81dae3a32207099746824d190775b5168a7ff2c18dde9dbb6a9605253a2b565c,programs/sentry.zip.contents/Sentry.z80,48e2a71a467189c0979c7d9b6c127cea2ae740760a7fbe6cae959fc262faa3ad,106,macro,bcall($4F66)
4F6F,mapped-main,_ClrRawKeyHook,_ClrRawKeyHook,programs/sentry.zip,81dae3a32207099746824d190775b5168a7ff2c18dde9dbb6a9605253a2b565c,programs/sentry.zip.contents/Sentry.z80,48e2a71a467189c0979c7d9b6c127cea2ae740760a7fbe6cae959fc262faa3ad,118,macro,bcall(4F6Fh)
5026,mapped-main,_SetParserHook,_SetParserHook,science/mirageos/chemmass.zip,58a8723aedcb19fd097d10013011754bbfc2f8defac7a969a79e0c164c1e0dd4,science/mirageos/chemmass.zip.contents/ChemMass/chemmass.z80,215ed75cebfa00985c908d57f785ad68395a1eb87597f0108e741956a9b3a01c,38,macro,bcall($5026)	;parser
5029,mapped-main,_ClearParserHook,_ClearParserHook,science/mirageos/chemmass.zip,58a8723aedcb19fd097d10013011754bbfc2f8defac7a969a79e0c164c1e0dd4,science/mirageos/chemmass.zip.contents/ChemMass/chemmass.z80,215ed75cebfa00985c908d57f785ad68395a1eb87597f0108e741956a9b3a01c,132,macro,bcall($5029)
5029,mapped-main,_ClearParserHook,_ClearParserHook,science/mirageos/chemmass.zip,58a8723aedcb19fd097d10013011754bbfc2f8defac7a969a79e0c164c1e0dd4,science/mirageos/chemmass.zip.contents/ChemMass/chemmass.z80,215ed75cebfa00985c908d57f785ad68395a1eb87597f0108e741956a9b3a01c,195,macro,bcall($5029)	;disable
5026,mapped-main,_SetParserHook,_SetParserHook,science/zchem2.zip,9a744d89602ebbc58d65cdaa098ce6b4619079ce04b54cb52d4a09ffe7971e6e,science/zchem2.zip.contents/zChemFixed.z80,b907f5658b47cdbd16fe29aff256591d15074fe160c443720a3ee71665f89264,49,macro,bcall(5026h)
4C30,mapped-main,_MemClear,_MemClear,shells/ion.zip,b5a5ba97f325f8779aa35cda23e38152087930298ff8b7b8573905710230e6e6,shells/ion.zip.contents/zminfo.z80,3fc7b51575fa6324e2b4b9383035b8d943c43486986e9c07f6030014919f8d6f,19,macro,bcall($4C30)
4C30,mapped-main,_MemClear,_MemClear,shells/old/ion14.zip,543f08076be8d4f7c6377a9fb0ef6df5fd6f470e9ae7823cc7b392761772b533,shells/old/ion14.zip.contents/zminfo.z80,3fc7b51575fa6324e2b4b9383035b8d943c43486986e9c07f6030014919f8d6f,19,macro,bcall($4C30)
4F66,mapped-main,_SetGetKeyHook,_SetGetKeyHook,shells/plasma14.zip,f32db2717a83ede45645ad2cf668ac96c54d05be2ceb83460197edfc860b3d22,shells/plasma14.zip.contents/plasma.asm,b424980285adf3f16225239c3ba3f133a42efb38d0666d968eee4b1fe24b810f,127,macro,bcall(4F66h)
4030,mapped-main,_newContext,_newContext,shells/plasma14.zip,f32db2717a83ede45645ad2cf668ac96c54d05be2ceb83460197edfc860b3d22,shells/plasma14.zip.contents/plasma.asm,b424980285adf3f16225239c3ba3f133a42efb38d0666d968eee4b1fe24b810f,149,macro,bcall(4030h) ;Restore homescreen
4F66,mapped-main,_SetGetKeyHook,_SetGetKeyHook,shells/plasma141.zip,62965a41fe071902043ebcbbd1254f710d29729bf86a78f20b6f14d6974f5d5a,shells/plasma141.zip.contents/Plasma/plasma.asm,b424980285adf3f16225239c3ba3f133a42efb38d0666d968eee4b1fe24b810f,127,macro,bcall(4F66h)
4030,mapped-main,_newContext,_newContext,shells/plasma141.zip,62965a41fe071902043ebcbbd1254f710d29729bf86a78f20b6f14d6974f5d5a,shells/plasma141.zip.contents/Plasma/plasma.asm,b424980285adf3f16225239c3ba3f133a42efb38d0666d968eee4b1fe24b810f,149,macro,bcall(4030h) ;Restore homescreen
4BD0,mapped-main,_GrBufClr,_GrBufClr,source/include/random.inc.zip,ea7a439888706c39fafa07d21737485c5f51392c33baca3a22d13a3aac012fd4,source/include/random.inc.zip.contents/chaos/chaos.z80,11377474f77cd64da3730bf9659459e5d95ceefc58ca184804f4bd4168310b25,12,macro,bcall(4BD0h)    ;_GrBufClr
486A,mapped-main,_GrBufCpy,_GrBufCpy,source/include/random.inc.zip,ea7a439888706c39fafa07d21737485c5f51392c33baca3a22d13a3aac012fd4,source/include/random.inc.zip.contents/chaos/chaos.z80,11377474f77cd64da3730bf9659459e5d95ceefc58ca184804f4bd4168310b25,13,macro,bcall(486Ah)    ;_GrBufCpy
4570,mapped-main,_RunIndicOff,_RunIndicOff,source/include/random.inc.zip,ea7a439888706c39fafa07d21737485c5f51392c33baca3a22d13a3aac012fd4,source/include/random.inc.zip.contents/chaos/chaos.z80,11377474f77cd64da3730bf9659459e5d95ceefc58ca184804f4bd4168310b25,14,macro,bcall(4570h)    ;_RunIndicOff
486A,mapped-main,_GrBufCpy,_GrBufCpy,source/include/random.inc.zip,ea7a439888706c39fafa07d21737485c5f51392c33baca3a22d13a3aac012fd4,source/include/random.inc.zip.contents/chaos/chaos.z80,11377474f77cd64da3730bf9659459e5d95ceefc58ca184804f4bd4168310b25,38,macro,bcall(486Ah)  ;_GrBufCpy
4CB1,mapped-main,_LoadPattern,_LoadPattern,source/routines/boldfont.zip,0e2dad3f1487eb247eacf80f7c0982e9a3e121275ec461ab0020edb2176630d2,source/routines/boldfont.zip.contents/boldfont/boldf.inc,133c46bb4c06be369413e3e8739034e2e4cddccc109844683fc4045ef4a08eee,17,macro,bcall(4CB1h) ;bcall(_LoadPattern)
4CB1,mapped-main,_LoadPattern,_LoadPattern,source/routines/whitef.zip,c4663eeafc8582e5053495299d762fa0c7d2f3d11d10fa68c1309eb8a3a60528,source/routines/whitef.zip.contents/whitef/whitef.inc,2419d4b4fbde9ed278f7d45b9c88d25b811ac03fb08c40e37c582439642f6b90,17,macro,bcall(4CB1h) ;bcall(_LoadPattern)
