scenario,status,artifact_sha256,wrapper_sha256,trace_sha256,trace_bytes,rom_sha256,tilem_commit,tilem_binary_sha256,observation,evidence_boundary
remote-control-install,confirmed,c57219beff5f5377eb5f1f9aee1b7f0cfef96b30f60022d2ef251c95adfe4646,6b26543de01cea7ef4b697cef5149f90077a3cdcfee3d6a35d79351da70be8ab,6aa846796e890305922855088265519f30c9a64b4e614c673eae9fab531571b5,267594642,dbb47afae091ab36f9abe74e32083013fbeff3d7e0516bbf5d1abf4ee57adc09,d1bdc58dd321ae462a701e556fcb62bb925a78b1,b8ee505483c79732a4ca21efb8b904de0792477795f6fc717874dcd5addaed09,"payload writes ram:9872=0x83; page_3B:7D00 stores pointer 0x9872 and page 0x07; page_3B:7D06 writes ram:8A24=0x20","installation only; link sender and resident removal not exercised"
noexec-install,confirmed,a269906546ff876986a4aedc2f951aab19b00b465fd140231524e0612a159f0d,4e942b1ae016758d9763329263c277594fa3cc9789c72d3f4ab52153d8501a5d,1ea354dd68f3077e2c397bd1091e569c3bf6ff814dbb399544f4909737e85363,202579038,dbb47afae091ab36f9abe74e32083013fbeff3d7e0516bbf5d1abf4ee57adc09,d1bdc58dd321ae462a701e556fcb62bb925a78b1,b8ee505483c79732a4ca21efb8b904de0792477795f6fc717874dcd5addaed09,"payload writes ram:9872=0x83 and ram:9A66=0x83; page_3B:7D00 installs pointer 0x9872/page 0x07 with ram:8A24=0x20; page_3B:7D6E installs pointer 0x9A66/page 0x07 with ram:8A26=0x02","selected three-key sequence; no parser rejection case"
noexec-removal,confirmed,a269906546ff876986a4aedc2f951aab19b00b465fd140231524e0612a159f0d,4e942b1ae016758d9763329263c277594fa3cc9789c72d3f4ab52153d8501a5d,e5db3b7f61b4b23bd4920809cc25ea17e4b8db247f4cc0e1cdaff957f87e0cae,221966808,dbb47afae091ab36f9abe74e32083013fbeff3d7e0516bbf5d1abf4ee57adc09,d1bdc58dd321ae462a701e556fcb62bb925a78b1,b8ee505483c79732a4ca21efb8b904de0792477795f6fc717874dcd5addaed09,"page_3B:7B88 writes ram:8A24=0x00; page_3B:7C3B writes ram:8A26=0x00","normal resident removal sequence only"
plasma-hook-install,confirmed,a55816b3ea9462c4e7ef16750d3ad6f8955b0a51de6a096c8b7e59f1242f0df1,94c8fcf29991c146085d530acac87b7ff7f30e131ddd39cf2c1f924b679490d8,9f78002cd7a2b73bd73d4f326b3db8bc5925e0be19a2853f7ddc4c5adaeb9a5c,229855944,dbb47afae091ab36f9abe74e32083013fbeff3d7e0516bbf5d1abf4ee57adc09,d1bdc58dd321ae462a701e556fcb62bb925a78b1,b8ee505483c79732a4ca21efb8b904de0792477795f6fc717874dcd5addaed09,"payload writes ram:9872=0x83; page_3B:7D00 stores pointer 0x9872; page_3B:7D03 stores page byte 0x41; page_3B:7D06 writes ram:8A24=0x20","loader program omitted; installed hook not invoked"
onblock-install,confirmed,41a35cdf8fd19aedb7319302f4330ebfab6048f0d4ae5c3b46acf4eba65d509c,6b597f221ebe02fbab9d3e619e72e7f85d55e402b579b26baf3c6af84eeb61b4,f846f9ca2ac23bb28bc7f41daec453847018aab99e580891361ff184c1322b91,198833772,dbb47afae091ab36f9abe74e32083013fbeff3d7e0516bbf5d1abf4ee57adc09,d1bdc58dd321ae462a701e556fcb62bb925a78b1,b8ee505483c79732a4ca21efb8b904de0792477795f6fc717874dcd5addaed09,"payload writes ram:9900=0x9A and ram:9901=0x9A; writes ram:9A9A=0x08; ram:9A9A executes 1303 times","timer handler activity only; ON-key event not injected"
viewregs-install,confirmed,6064a10cd7443411480dfc1252bac32dd91ad44f50192aa12acbe8427ed03b79,939ed9ecc23084d9b23dd21d3c2cb87087b1ede3fcd27ee1ff5d77cfbce2c2a8,98a019ee9c3e4d86b84c0b37f96992ac9c7ed6e5bb31b4f14601d56dba53b6c2,316780158,dbb47afae091ab36f9abe74e32083013fbeff3d7e0516bbf5d1abf4ee57adc09,d1bdc58dd321ae462a701e556fcb62bb925a78b1,b8ee505483c79732a4ca21efb8b904de0792477795f6fc717874dcd5addaed09,"payload writes ram:8790=0xF3 ram:8A3A=0x3D ram:8C01=0xCD and ram:8B00=0x8A; ram:8790 executes 656 times","foreground viewer left active until capture; no physical-hardware run"
lcd2-calibration,confirmed,bd33ee08fae86925fc3468d14faa1fe79bb20093fa765e7f551b51fde917e3de,775a1f777b1e7ece0b17d0a88dc16fda2dba6cffbcfc355402d320c224304d67,c8adf675644fc4742f6543fa525d5e9cd7683181d1781754393d46b498c61076,397103634,dbb47afae091ab36f9abe74e32083013fbeff3d7e0516bbf5d1abf4ee57adc09,d1bdc58dd321ae462a701e556fcb62bb925a78b1,b8ee505483c79732a4ca21efb8b904de0792477795f6fc717874dcd5addaed09,"payload rewrites ram:86EC=0x11 and ram:86F7=0x7F 15 times; ram:86EC executes 141 times; result reports 45 t-states","emulated LCD timing result; not physical hardware"
weird-im2-install,confirmed,992106b7e27a2f211a31bf0e6a4a12ded6d25ec155674bca8711cde2549153c4,0b60e9989dc99da04ce855b5ea36e05f22dc6588aad0e2de5c2633663b49b300,dcfcca412d7f549ed0e78195cd0a399d5a02d39aaa8db22209fbf7450e4c3f0c,200754312,dbb47afae091ab36f9abe74e32083013fbeff3d7e0516bbf5d1abf4ee57adc09,d1bdc58dd321ae462a701e556fcb62bb925a78b1,b8ee505483c79732a4ca21efb8b904de0792477795f6fc717874dcd5addaed09,"source-built artifact writes ram:86EC=0xFF and ram:8888=0xF3; OS memory fill writes ram:8700=0x88; ram:8888 executes 7 times","source-derived artifact built with SPASM-ng; no distributed binary available"
truvid-normal-cleanup,confirmed,11250fda7ce6892c79bcbe44958bd16f77f1faead58ebf99eaf6fa04712f6ab1,,c2481399d804a3b5232e9dde99c80fb77a28afc54eaf57ad0f84ed5e89d43b56,1053352086,dbb47afae091ab36f9abe74e32083013fbeff3d7e0516bbf5d1abf4ee57adc09,d1bdc58dd321ae462a701e556fcb62bb925a78b1,b8ee505483c79732a4ca21efb8b904de0792477795f6fc717874dcd5addaed09,"ram:0F81 ram:9D95 ram:9DCF and ram:9F5F each execute once; wrapper resumes once at page_29:4095","missing-settings branch and one silent same-page frame; archived settings media wrap reset error and physical hardware not exercised"
